Lasso,61056
Mozart,56245
Chopin,43362
Josquin Des Prés,25623
Stravinsky,19488
Mendelssohn Bartholdy,15825
Métastase,12804
Korsakov,11583
Alphonse,11323
Debussy,10830
Rachmaninoff,10040
Tchaikovsky,9864
Haydn,9760
Bach,9468
Handel,8016
Dargomyszski,7980
Liszt,7806
Tōru Takemitsu,7497
Wagner,7440
Moussorgski,7344
Chostakovitch,7315
Schumann,7304
Beethoven,6588
Brahms,5958
Guno,5800
Schubert,5612
Vivaldi,5352
Wolfgang,5096
Frangidelphe Escorche-Messes,4875
Granados,4725
Scarlatti,4692
Kantchely,4410
Charpentier,4332
Hindemit,4284
Chiacheron,4260
Telemann,4230
Shnittke,4214
Byrd,4104
Praetorius Creuzburgensis,4074
Bruni,4060
Couperin,4056
Benoit,4046
Sibelius,3872
Buranello,3861
Strauss,3861
Purcell,3834
Beer,3640
Sennffl,3626
Monteverdi,3624
Wanhal,3500
Elgar,3375
Scarlatti,3372
Vaynberg,3300
Sauguet,3264
Glasunow,3185
Bach,3162
Kabalewski,3150
Venosa,3120
Cherubini,3090
Mompou Dencausse,3030
Boysset,2944
Saint-Saëns,2940
M***,2873
Strauss,2868
Archadelt,2856
Denissov,2730
Grieg,2704
Rameau,2652
Bach,2646
Satie,2632
Philippe,2556
Rousseau,2541
Poulenc,2538
Ravel,2484
Tanejew,2478
Gossec,2475
Fauré,2442
Koechlin,2442
Tárrega y Eixea,2408
Hugo,2400
Bull,2400
Boccherini,2388
Cimarosa,2346
Britten,2244
Verdi,2232
Ljadov,2128
Smetana,2112
Wolf,2070
Hensel,2070
Griffagno delli Impacci,2048
Rubinštejn,2048
Szymanowski,2040
Xenakis,2040
Créquillon,2016
Glinka,1998
Villa-Lobos,1976
Berlioz,1962
Dumont,1910
Francesco da Milano,1904
Bortnyansky,1890
Ives,1880
Paganini,1860
Paularma,1845
Çavallos,1820
Bartók,1788
Donizetti,1752
Sarasate y Navascués,1752
Stockhausen,1728
Milhaud,1722
Kaplan,1716
Schoenberg,1704
Bernstein,1680
Pechel,1666
Ligeti,1664
Offenbach,1578
Félix,1560
Francesco degli Organi,1554
Pergolesi,1540
Massenet,1536
Austriacus,1525
Martinů,1506
Guillaume de Machaut,1485
Borodine,1484
Franck,1482
Rihm,1428
Komitas,1421
Strauss,1386
Eisler,1368
Werbeck,1344
Schütz,1344
Cage,1338
Pamigerus,1323
Berio,1302
Mc Millan,1300
Soler,1296
Williams,1278
Desfontaines,1278
Alkan,1275
Ustwolskaja,1274
Spohr,1264
Desmarets,1260
Campra,1254
Gershwin,1254
Reger,1248
Tchesnokov,1230
Weber,1218
Jacquet of Mantua,1210
Mahler,1206
Kapsberger,1188
Bizet,1170
Pärt,1158
Djalāl al-Dīn Rūmi,1150
Messiaen,1128
Enesco,1128
Kozma,1125
Honegger,1122
Matheus de Perusio,1120
Piazzolla,1116
Duke,1116
Rossini,1108
Dvořák,1104
Webern,1092
Pétrarque,1089
Aldrovandon,1080
Bruckner,1068
Sor,1062
Correa de Araujo,1056
Tallis,1056
Victoria,1056
Jolivet,1044
Omar Qayyam,1040
Carter,1038
Donatoni,1032
Dusapin,990
Sigismondo d'India,984
Nielsen,972
Ruiz,960
Rambaud de Vaqueiras,960
Henze,954
Duny,944
Alyabyev,936
Folque de Marseille,936
Janáček,930
Casanovas,930
Spendiarean,912
Tansman,909
Georges,900
Lalande,900
Buxtehude,892
Glass,888
Philip the Chancellor,882
Le Clair,876
Williams,864
Halffter,860
Čerepnin,860
Busoni,858
Kodály,846
Dussek,840
Obouhov,840
Stephani,832
Eoetvos,825
Mantovani,822
Arenskij,816
Rinaldi,816
Kagel,804
Weill,804
Bonnal,800
Ropartz,800
Zacharias,792
Escaich,786
M***,784
Cooper,784
Boulez,780
Koželuh,775
Devignes,774
Walton,768
Loewe,768
Vierne,760
Auber,756
Romero,752
Jacquet,752
Clementi,750
Roussel,750
Milà,744
Saint-George,744
Gluck,735
Étienne,726
Dezède,720
San Martini,720
De Monte,720
Gherl,720
Dufay,714
Chastelain de Couci,714
Reich,714
Davis,714
Durante,708
L'Isle,704
Corelli,702
Palestrina,700
Albéniz,696
Dittorsdorf,696
Berg,684
Dubois,684
Claudin,684
Tiŝenko,684
Cui,680
Pablo,676
Schumann,675
Moritz,675
Cabanilles,672
Chabrier,672
García,672
Jannequin,666
Berlin,666
José Antonio de Donostia,660
Gainsbourg,660
Wiesengrund-Adorno,660
Shakspere,660
Barber,660
Arrieu,650
Jarrell,648
Schmitt,648
Kramář,644
Gade,640
M,630
Petrus Wilhelmi de Grudencz,630
Moniusko,630
Zelenka,624
Aperghis,624
Adam de La Halle,620
Henry,618
Schubert,615
Enzina,615
Respighi,612
Bach,612
Biline,612
Gautier,612
Chausson,612
Hérold,602
Zimmermann,600
Canteloube,588
Porter,588
De Fesch,585
Guiraut de Bornelh,585
Gibbons,582
Dutilleux,582
Pirson,576
Feldman,570
Ibert,570
Hasse,570
Lindberg,568
Scheidt,558
Bacri,552
Bloch,546
Sciarrino,546
Bertaldi,540
Daryāsaẗ,540
Jolas,540
Abélard,540
Haydn,532
Strauss,528
Yvain,528
Holst,528
Clément,528
Hersant,522
Adalid y Gurréa,522
Korngold,522
Auvergne,516
Nono,516
Giuliani,514
Cornyshe,510
Gherardello da Firenze,510
Bellini,510
Clérambault,508
Scotto,508
Rossé,508
Bononcini,506
Duphly,504
Baudelaire-Dufays,504
Tanguy,504
Dumstable,500
Bruck,500
Pauset,498
Duparc,498
Mac Cabe,496
Canat de Chizy,492
Saariaho,492
Battmann,490
Gurudev,480
Polisseno Fegejo,480
Eller,480
Nyman,474
Henry VIII,468
Holliger,468
Hoffmann,465
Baptistin,464
Caplet,462
Dowland,458
Halévy,456
Brassens,456
Aiuola,450
G,450
Frescobaldi,450
Jommelli,450
Peirol d'Auvèrnha,450
Martino,448
Gatti,444
Dufourt,444
Pesson,444
Manoury,444
Lecocq,440
Neukomm,440
Walliserus,440
Murail,438
Lalo,438
Escobar,435
Zemlinsky,432
Pleyel,428
Marais,426
Brunello,425
Rodgers,420
Tan,420
Chan,420
Stölzel,420
Mc Cartney,420
Göthe,410
Tôn Thất Tiết,408
Varèse,408
Kreisler,404
Grétry,402
Giovanni da Cascia,400
Vecchi,400
Japarte,400
Hurel,396
Aboulker,396
Norgard,396
Chostakovitch,396
Cras,390
Birtwistle,390
Lévinas,390
Dylan,390
Johnson,390
Almaviva,384
Karajev,384
Kastalʹsky,384
Scelsi,384
Dufau,378
Lechner,378
Bucko,378
Bachmann,377
Bergen,375
Akio Yashiro,375
Beffa,372
Penderecki,372
Romano,366
Reinkein,364
M.,363
Mc Mallama,360
Davies,360
Goldman,360
Degiardino,360
Danglebert,360
Devienne,360
Widor,360
Ford,360
Colin de Blamont,357
Corrette,356
Vasks,354
Chip,351
Kalinnikow,351
Montvel,350
Amy,348
Blondel de Nesle,348
Silvestrov,342
Harvey,342
Huber,342
Maderna,342
Ginastera,342
Kurtág,340
Farinel,340
Mouton,336
Langgard,336
Pfitzner,336
Fils,336
Utendal,333
Piccini,333
Rosenmueller,328
Gabrieli,326
Lachenmann,324
Gerhard,324
Mâche,324
Teresa,324
Fuzelier,324
Falla,321
Stepan,320
Naulais,320
Borde,320
Bonporti,320
Carissimi,320
Tippett,318
Hummel,318
Daniel-Lesur,318
Van Parys,316
Moulinié,315
Chowdhury,315
Hotteterre,312
Grisey,312
Porpora,312
Biber,312
Casals,312
Renaud de Vilbac,312
Wiéner,312
Czerny,310
Obrecht,308
Guillaume,306
Leroux,306
Torroba,304
Cohen,304
Carlo del Violino,300
Dessau,300
Croce,300
Reinhardt,300
Čajkovskij,300
Kern,296
Ferneyhough,294
Indy,292
Nancarrow,292
Albinoni,291
Rossi,291
Le Bègue,288
Mosolov,288
Batchelar,288
Lalanne,288
P,288
Hollaender,288
Andreas,288
Casella,288
Rautavaara,288
Ben Haim,288
Li Bai,288
Dalbavie,288
Bruch,288
Cara,288
M. D. C.,288
Avaux,280
Phalèse,280
Noël-Gallon,279
Arthur H,279
Fedele,276
Louvier,276
Paisiello,276
Schenk,273
Brower,272
Francoeur,272
Tavener,272
Widmann,270
Thomas,270
Hendrix,270
Kálmán,270
Nuñes,270
Hofhaymer,270
Humperdinck,270
Jobim,270
San Bellino,264
Ysaÿe,264
Benjamin,264
Pintscher,264
Cavanna,264
Locatelli,264
Delius,264
Bado,264
Kreutzer,264
Gace Brulé,260
Magnus,260
Hunt,260
Arluk,260
Behr,258
Aznavour,256
Franchinus,256
Hahn,256
Bull,256
Lorenzo da Firenze,252
Flotow,252
Messager,252
Carolan,252
Dukas,252
Boulanger,252
Barbieri,252
Hildegarde,252
Isaac,252
Madame,250
Gautier de Coincy,250
Méhul,248
Howells,248
Rossi,248
Schmelzer,246
Turina,246
Audefroi le Bâtard,245
Bassani,244
Glièr,243
Forqueray le fils,240
Dimmler,240
B.,240
Urbain,240
Schoeller,240
Capuzzi,240
Willaert,240
Théodorakis,240
Roslavec,240
Champein,238
Matalon,234
Galán,234
Camenae monasterii Sancti Georgii Herciniae Silvae,234
Riley,234
Adès,234
Cererols,234
Rolland,234
Mascagni,234
Pérez,228
Lühl-Dolgorukiy,228
Prokofʹev,226
A. Z.,225
Fulbert of Chartres,225
Claudel,224
Prokofiev,224
Sheppard,222
Falconiero,222
Crumb,222
Dohnányi,222
Soler,221
Lawes,220
Haas,216
L.,216
Schreker,216
Tartini,216
Stradella,214
Françaix,212
André,210
Wyschnegradsky,210
Dallapiccola,210
Moretti,208
Bertran von Born,208
Ciaia,208
Kraus,204
Mondonville,204
Tomaschek,204
Duruflé,204
Philidor,200
Gautier d'Épinal,200
Conon de Béthune,200
Fibich,200
Guglielmo of Pesaro,200
Quelqu'un qui n'est ni d'un coin ni de l'autre,200
Hemsi,198
Scriabine,198
Van den Hove,198
Gasparini,194
Haendel,194
Alain,194
Rossini,194
Zorn,192
Guebirtig,192
Milchevsky,192
Monnet,192
Legrand,192
M. de,192
Jadin,192
Vilarrubí,192
Gallot,192
Boesmans,192
Sondheim,192
Luz,189
Bernart von Ventadorn,189
Kurtág,188
Auric,188
Globokar,186
Gurney,186
Mozart,186
Févin,184
Zarlinus,184
Monnot,184
Guglielmi,183
Bonis,182
Swea Pea,180
Catel,180
Koko,180
Wem,180
Duval,180
Trenet,180
Orff,180
Reverdy,180
Jaquemin de Senleches,180
Cerha,180
A.,180
Chávez y Ramirez,180
Pécou,176
Portugal,176
Balanchine,176
Courcelle,176
Philidor,176
P,176
Tabaret,176
Haton,175
Lanner,174
Daugherty,172
Leonardi,171
Rebel,168
Ernst,168
Heine,168
Górecki,168
Tomasi,168
Guyot,168
Langlais,165
Walter,165
Pierné,164
Blow,162
Schnebel,162
Lermontoff,162
Rheinberger,162
Skrâbin,162
Durieux,162
Ullmann,162
Rheinberger,162
Salonen,162
Montgeroult,162
Mc Millan,160
Sabatini,160
Yun,160
Angelis,160
Cabeçon,160
Cigogne,160
Fawzi,160
Boucourechliev,156
Karg,156
Kralik,156
Bach,156
Lennon,156
Veracini,156
Tomkins,156
Hofmannstahl,156
Ricci,154
Delibes,154
Gabrieli,154
Attaingnant,153
Hermann von Salzburg,153
Fenelon,152
Brossard,152
Caix d'Hervelois,152
Andriessen,152
Laws,152
Rosenthal,152
Khalife,150
Reimann,150
Aimeric de Peguilhan,150
Hartmann,150
Fago,150
Fersen,150
Croisez,149
Jacomelli,148
Giroust,147
Sweelinck,147
Le Jeune,146
Wigbert,144
Halffter,144
Baltazirini di Belgioioso,144
Adams,144
Warren,144
Neusidler,144
V,144
Berger,144
Rey,144
Perti,144
Barkhoudaryan,144
Onslow,144
Uc de Saint-Sixt,144
Soler,144
Francesconi,144
Robin,144
Farmian de Rosoi,144
Julio da Modena,144
Schoeck,141
La Barre,140
Du Bousset,140
Salieri,140
Godowsky,140
Halévy,140
Lehár,140
Vallet,140
Mondonville,140
Goldmark,138
Greif,138
Blancafort,138
Conforto,138
Sinding,138
Girard,138
Arban,137
Balbastre,136
Lvoff,135
Luython,135
Ramirez,135
Leclerc,135
Saboly,135
Suk,135
Giovannino del violoncello,135
Čerepnin,135
Lur'e,135
Fux,134
Chavagnat,134
Castérède,134
Hosokawa,132
Stamitz,132
Jadin fils,132
Gervasoni,132
Martin,132
De Selma y Salaverde,132
Podgaits,132
Styne,132
Monk,132
Tyner,130
Chaminade,129
Davis,128
Nishimura,128
Jaufré Rudel,128
Bennett,128
Bréville,128
Ackerman,128
Philippe,128
Guillois,128
Ockeghem,128
Colomer,127
Malone,126
Ponchielli,126
M,126
Hayne van Ghizeghem,126
L,126
L'Estocart,126
Markeas,126
Martínez,126
Andrea Antico da Montona,126
Boïeldieu,126
Guridi Bidaola,126
Stockem,125
Bernard,125
MacHugh,125
D,125
Guilmant,124
Malipiero,124
Cochereau,124
Tedesco,122
Lutosławski,122
Damase,121
Obdam,120
Peter of Blois,120
Thuma,120
André Gide,120
Beach,120
Arne,120
Schein,120
Eyck,120
Hotel,120
Wely,120
Schöllhorn,120
Bertrand,120
Rimbaud,120
Ripa,120
Nodaira,120
Bax,118
Gace Brulé,118
Böhm,117
Gade,117
Tosti,117
Guarnieri,116
Ganne,116
Bencini,116
Zavaro,116
Couperin,116
Finzi,116
Knussen,114
Gilles Binchois,114
Fokine,114
Revueltas,114
Romitelli,114
Paladin,114
Dubugnon,114
Hubay,114
Lourié,112
Cassadó,112
Meyner,112
Keiser,112
Berger,112
Bartolino da Padova,112
Jaubert,112
Binet,112
Petzold,112
Campion,112
Brant,112
Neuwirth,112
Karetnikov,110
Guerrero,110
M,110
Chesnier,110
Séverac,110
Hölderlin,110
Danzi,108
Bouilly,108
Cowell,108
Ballocchi,108
Nebra,108
Pierre d'Amiens,108
Essyad,108
Śrīnivāsanāyaka,108
Eisenstein,108
Salaberría,108
Dillon,108
Mařatka,108
Marini,108
Tüür,108
Fumet,108
Ffrie,108
Pachelbel,107
Corbin,106
Tournemire,106
I. A. D. B,105
Morales,105
Rodrigo,105
Eulibio Brentiatico,105
Michna de Otradovice,105
M,104
Cazzati,104
Francoeur,104
Garcia,104
Pizzetti,104
Pedro de Cristo,104
Forqueray,104
Pearson,102
Bedrossian,102
Cilea,102
Veress,102
Sanz,102
Lang,102
Encinar Martínez,102
Caldara,102
Rabinovitch,100
Guillaume d'Amiens,100
Echpaï,100
Babadjanian,100
McEwen,100
Hesketh,100
Giaii,100
Darbellay,100
Battistelli,100
François d'Assise,100
Feiler,100
Jiménez,100
Grainger,100
Van den Hove,99
Luther,99
Rilke,99
Sousa,99
Grappelli,99
Violone,99
Corigliano,99
Lobo,99
M,98
Le Tasse,98
Holborne,98
Froberger,97
Salas,97
Graun,97
Wacław Szamotulski,96
Kañ,96
Ghinzer,96
Quantz,96
Reed,96
Stič,96
Exaudet,96
Vives,96
Silva,96
Dentici,96
K.,96
Dearing,96
Mariezcurrena,96
Blacher,96
Bosc,96
Maresz,96
Herrera,96
Burty,96
Higelin,96
Mc Leod,96
Gaveaux,96
Jean Bodel,96
Meyer,96
Haym,95
Herrmann,94
Doppler,93
David,93
Dalayrac,93
Auvray,93
Proust,92
Lauba,92
Burgmüller,92
Cramer,92
Boismortier,92
Pousseur,91
Gubajdulina,91
Nivers,91
Campo,91
Vivier,90
Di Villati,90
Nicolas,90
Zazzerino,90
***,90
Lachabeaussière,90
Del Tredici,90
Adamek,90
Codini,90
Le Roy,90
Danchet,90
Lhéritier,90
Naón,90
Barbirolli,89
Grøndahl,88
Leborne,88
Narboni,88
Tye,88
Piccini,88
Gungl,88
Carman,88
Legrenzi,88
Giordaniello,88
Barthélemy,88
Benevoli,88
Márquez,88
Christophe,88
Viotti,87
Méfano,86
David,86
Broustet,85
Bochsa,84
Chin,84
Chédeville,84
Barraqué,84
Brown,84
Simons,84
Faivre,84
Dietrich,84
Rabaud,84
Nietzsche,84
Hagen,84
Fart-Hing,84
Daniel,84
Mulsant,84
Schulhoff,84
Bernard,83
Castiglioni,83
Chailley,82
Montsalvatge,82
Cazaneuve,82
Sullivan,82
Moultaka,81
Roland de Lassus,61056
Mozart,56245
Chopin,43362
Josquin Des Prés,25623
Igor Stravinsky,19488
Felix Mendelssohn Bartholdy,15825
Pietro Metastasio,12804
Nikolaj Andreevič Rimskij-Korsakov,11583
Alphonse,11323
Claude Debussy,10830
Sergueï Vassilievitch Rakhmaninov,10040
Piotr Ilitch Tchaikovski,9864
Joseph Haydn,9760
Johann Sebastian Bach,9468
George Frideric Handel,8016
Aleksandr Sergeevič Dargomyžskij,7980
Franz Liszt,7806
Tōru Takemitsu,7497
Richard Wagner,7440
Modest Petrovitch Mousorgskiĭ,7344
Dmitrij Dmitrievič Šostakovič,7315
Robert Schumann,7304
Ludwig van Beethoven,6588
Johannes Brahms,5958
Charles Gounod,5800
Franz Schubert,5612
Antonio Vivaldi,5352
Louis Saguer,5096
Théodore de Bèze,4875
Enrique Granados,4725
Domenico Scarlatti,4692
Giya Alexandrovich Kancheli,4410
Marc Antoine Charpentier,4332
Paul Hindemith,4284
Jean-Baptiste Lully,4260
Georg Philipp Telemann,4230
Alfred Schnittke,4214
William Byrd,4104
Michael Praetorius,4074
Francesco Cavalli,4060
François Couperin,4056
Benoît-Joseph Marsollier des Vivetières,4046
Jean Sibelius,3872
Baldassare Galuppi,3861
Johann Strauss,3861
Henry Purcell,3834
Giacomo Meyerbeer,3640
Ludwig Senfl,3626
Claudio Monteverdi,3624
Johann Baptist Vanhal,3500
Edward Elgar,3375
Alessandro Scarlatti,3372
Moisej Samuilovič Vajnberg,3300
Henri Sauguet,3264
Alexander Glasunow,3185
Carl Philipp Emanuel Bach,3162
Dmitri Kabalevski,3150
Carlo Gesualdo,3120
Luigi Cherubini,3090
Federico Mompou,3030
Antoine Boësset,2944
Camille Saint-Saëns,2940
M***,2873
Richard Strauss,2868
Jacques Arcadelt,2856
Èdison Vasil´evič Denisov,2730
Edvard Grieg,2704
Jean-Philippe Rameau,2652
Johann Christian Bach,2646
Erik Satie,2632
Peter Philips,2556
Jean-Jacques Rousseau,2541
Francis Poulenc,2538
Maurice Ravel,2484
Sergej Ivanovič Taneev,2478
François-Joseph Gossec,2475
Gabriel Fauré,2442
Charles Koechlin,2442
Francisco Tárrega,2408
Victor Hugo,2400
John Bull,2400
Luigi Boccherini,2388
Domenico Cimarosa,2346
Benjamin Britten,2244
Giuseppe Verdi,2232
Anatolij Konstantinovič Lâdov,2128
Bedřich Smetana,2112
Hugo Wolf,2070
Fanny Hensel,2070
Adriano Banchieri,2048
Anton Grigor´evič Rubinštejn,2048
Karol Szymanowski,2040
Iannis Xenakis,2040
Thomas Crecquillon,2016
Mihail Ivanovitsch Glinka,1998
Heitor Villa-Lobos,1976
Hector Berlioz,1962
Henry Du Mont,1910
Francesco da Milano,1904
Dmitrij Stepanovič Bortnânskij,1890
Charles Ives,1880
Niccolò Paganini,1860
Paul Arma,1845
Rodrigo de Ceballos,1820
Béla Bartók,1788
Gaetano Donizetti,1752
Pablo de Sarasate,1752
Karlheinz Stockhausen,1728
Darius Milhaud,1722
Aaron Copland,1716
Arnold Schoenberg,1704
Leonard Bernstein,1680
Bartłomiej Pękiel,1666
György Ligeti,1664
Jacques Offenbach,1578
Félix,1560
Francesco Landini,1554
Giovanni Battista Pergolesi,1540
Jules Massenet,1536
Ernst Krenek,1525
Bohuslav Martinů,1506
Guillaume de Machaut,1485
Aleksandr Porfirievitch Borodine,1484
César Franck,1482
Wolfgang Rihm,1428
Komitas,1421
Johann Strauss,1386
Hanns Eisler,1368
Gaspar van Weerbeke,1344
Heinrich Schütz,1344
John Cage,1338
Leonhard Paminger,1323
Luciano Berio,1302
James MacMillan,1300
Vicente Martín y Soler,1296
Ralph Vaughan Williams,1278
Jean Desfontaines,1278
Charles-Valentin Alkan,1275
Galina Ivanovna Ustvol'skaâ,1274
Louis Spohr,1264
Henri Desmarets,1260
André Campra,1254
George Gershwin,1254
Max Reger,1248
Pavel Grigor'evič Česnokov,1230
Carl Maria von Weber,1218
Jacques Colebault,1210
Gustav Mahler,1206
Giovanni Girolamo Kapsperger,1188
Georges Bizet,1170
Arvo Pärt,1158
Djalāl al-Dīn Rūmi,1150
Olivier Messiaen,1128
Georges Enesco,1128
Joseph Kosma,1125
Arthur Honegger,1122
Matheus de Perusio,1120
Astor Piazzolla,1116
Duke,1116
Gioachino Rossini,1108
Antonín Dvořák,1104
Anton Webern,1092
Pétrarque,1089
Giuseppe Aldrovandini,1080
Anton Bruckner,1068
Fernando Sor,1062
Francisco Correa de Araujo,1056
Thomas Tallis,1056
Tomás Luis de Victoria,1056
André Jolivet,1044
Omar Qayyam,1040
Elliott Carter,1038
Franco Donatoni,1032
Pascal Dusapin,990
Sigismondo D'India,984
Carl Nielsen,972
Joseph Ruiz Samaniego,960
Rambaldo di Vaqueiras,960
Hans Werner Henze,954
Egidio Duni,944
Aleksandr Aleksandrovič Alâbʹev,936
Folque de Marseille,936
Leoš Janáček,930
Narcís Casanoves Bertrán,930
Aleksandr Afanas'evic Spendiarov,912
Alexandre Tansman,909
Georges,900
Michel Richard de Lalande,900
Dietrich Buxtehude,892
Philip Glass,888
Philippe le Chancelier,882
Jean-Marie Leclair,876
John Williams,864
Ernesto Halffter,860
Alexander Tcherepnin,860
Ferruccio Busoni,858
Zoltán Kodály,846
Dussek,840
Nikolaj Obuhov,840
Agostino Steffani,832
Péter Eötvös,825
Bruno Mantovani,822
Anton Stepanovič Arenskij,816
Nino Rota,816
Mauricio Kagel,804
Kurt Weill,804
Ermend-Bonnal,800
Guy Ropartz,800
Antonio Zacara da Teramo,792
Thierry Escaich,786
M***,784
John Coprario,784
Pierre Boulez,780
Leopold Kozeluch,775
Pierre Desvignes,774
William Walton,768
Carl Loewe,768
Louis Vierne,760
Daniel-François-Esprit Auber,756
Mateo Romero,752
Élisabeth Jacquet de La Guerre,752
Muzio Clementi,750
Albert Roussel,750
Luis de Milán,744
Joseph Boulogne Saint-Georges,744
Christoph Willibald von Gluck,735
Étienne de Jouy,726
Dezède,720
Giuseppe Sammartini,720
Philippe de Monte,720
Johann Kaspar Kerll,720
Guillaume Dufay,714
Chastelain de Couci,714
Steve Reich,714
Jorge Luis Borges,714
Francesco Durante,708
Claude Joseph Rouget de Lisle,704
Arcangelo Corelli,702
Giovanni Pierluigi da Palestrina,700
Isaac Albéniz,696
Karl Ditters von Dittersdorf,696
Alban Berg,684
Théodore Dubois,684
Claudin,684
Boris Ivanovič Tiŝenko,684
Cezar´ Antonovič Kûi,680
Luis de Pablo,676
Clara Schumann,675
Maurice,675
Juan Cabanilles,672
Emmanuel Chabrier,672
Manuel García,672
Clément Janequin,666
Irving Berlin,666
José Antonio de Donostia,660
Serge Gainsbourg,660
Theodor Wiesengrund Adorno,660
William Shakespeare,660
Samuel Barber,660
Claude Arrieu,650
Michael Jarrell,648
Florent Schmitt,648
Franz Krommer,644
Niels Wilhelm Gade,640
M,630
Petrus Wilhelmi de Grudencz,630
Stanisław Moniuszko,630
Jan Dismas Zelenka,624
Georges Aperghis,624
Adam de La Halle,620
Pierre Henry,618
Franz Schubert,615
Juan del Encina,615
Ottorino Respighi,612
Wilhelm Friedemann Bach,612
Robert Caby,612
Pierre Gautier,612
Ernest Chausson,612
Ferdinand Hérold,602
Bernhard Zimmermann,600
Joseph Canteloube,588
Cole Porter,588
Willem De Fesch,585
Guiraut de Bornelh,585
Orlando Gibbons,582
Henri Dutilleux,582
Pierre de La Rue,576
Morton Feldman,570
Jacques Ibert,570
Johann Adolf Hasse,570
Magnus Lindberg,568
Samuel Scheidt,558
Nicolas Bacri,552
Ernest Bloch,546
Salvatore Sciarrino,546
Antonio Bertali,540
Rabah Deriassa,540
Betsy Jolas,540
Abélard,540
Michael Haydn,532
Josef Strauss,528
Maurice Yvain,528
Gustav Holst,528
Jacques Clément,528
Philippe Hersant,522
Marcial del Adalid,522
Erich Wolfgang Korngold,522
Antoine Dauvergne,516
Luigi Nono,516
Mauro Giuliani,514
William Cornysh,510
Gherardello da Firenze,510
Vincenzo Bellini,510
Louis-Nicolas Clérambault,508
Vincent Scotto,508
François Rossé,508
Giovanni Bononcini,506
Jacques Du Phly,504
Charles Baudelaire,504
Éric Tanguy,504
John Dunstaple,500
Arnold von Bruck,500
Brice Pauset,498
Henri Duparc,498
John McCabe,496
Édith Canat de Chizy,492
Kaija Saariaho,492
Jacques-Louis Battmann,490
Gurudev,480
Carlo Goldoni,480
Heino Eller,480
Michael Nyman,474
Henry VIII,468
Heinz Holliger,468
Ernst Theodor Amadeus Hoffmann,465
Jean-Baptiste Stuck,464
André Caplet,462
John Dowland,458
Fromental Halévy,456
Georges Brassens,456
Francesco de Layolle,450
Nicolas Racot de Grandval,450
Girolamo Frescobaldi,450
Niccolò Jommelli,450
Peirol d'Auvèrnha,450
Giovanni Battista Sammartini,448
Theobaldo di Gatti,444
Hugues Dufourt,444
Gérard Pesson,444
Philippe Manoury,444
Charles Lecocq,440
Sigismund Neukomm,440
Christoph Thomas Walliser,440
Tristan Murail,438
Édouard Lalo,438
Pedro de Escobar,435
Alexander Zemlinsky,432
Ignaz Pleyel,428
Marin Marais,426
Antoine Brumel,425
Richard Rodgers,420
Dun Tan,420
Charlie Parker,420
Gottfried Heinrich Stölzel,420
Paul McCartney,420
Johann Wolfgang von Goethe,410
Tôn Thất Tiết,408
Edgard Varèse,408
Fritz Kreisler,404
André-Ernest-Modeste Grétry,402
Giovanni da Cascia,400
Orazio Vecchi,400
Jean Japart,400
Philippe Hurel,396
Isabelle Aboulker,396
Per Norgard,396
Dmitri Chostakovitch,396
Jean Cras,390
Harrison Birtwistle,390
Michaël Lévinas,390
Bob Dylan,390
Tom Johnson,390
Arrigo Boito,384
Gara Garayev,384
Aleksandr Dmitrievič Kastalʹskij,384
Giacinto Scelsi,384
François Dufaut,378
Leonhard Lechner,378
Yury Markovich Butsko,378
Georges Bachmann,377
Alain Bashung,375
Akio Yashiro,375
Karol Beffa,372
Krzysztof Penderecki,372
Giulio Caccini,366
Johann Adam Reincken,364
M.,363
M.C. Màlama,360
Peter Maxwell Davies,360
Jean-Jacques Goldman,360
Felice Giardini,360
Jean-Henri d' Anglebert,360
François Devienne,360
Charles-Marie Widor,360
Thomas Ford,360
Francois Collin de Blamont,357
Michel Corrette,356
Pēteris Vasks,354
Chip,351
Vasilij Sergeevič Kalinnikov,351
Jacques-Marie Boutet de Monvel,350
Gilbert Amy,348
Blondel de Nesle,348
Valentin Silvestrov,342
Jonathan Harvey,342
Klaus Huber,342
Bruno Maderna,342
Alberto Ginastera,342
György Kurtág,340
Michel Farinel,340
Jean Mouton,336
Rued Langgaard,336
Hans Pfitzner,336
Anton Filtz,336
Alexander Utendal,333
Niccolò Piccinni,333
Johann Rosenmüller,328
Giovanni Gabrieli,326
Helmut Lachenmann,324
Roberto Gerhard,324
François-Bernard Mâche,324
Teresa,324
Louis Fuzelier,324
Manuel de Falla,321
Josef Antonín Štěpán,320
Jérôme Naulais,320
Jean-Benjamin de La Borde,320
Francesco Antonio Bonporti,320
Giacomo Carissimi,320
Michael Tippett,318
Johann Nepomuk Hummel,318
Daniel-Lesur,318
Georges Van Parys,316
Étienne Moulinié,315
Ravi Shankar,315
Jacques Hotteterre,312
Gérard Grisey,312
Nicola Porpora,312
Heinrich Ignaz Franz von Biber,312
Pau Casals i Defilló,312
Renaud de Vilbac,312
Jean Wiéner,312
Carl Czerny,310
Jacob Obrecht,308
Guillaume,306
Philippe Leroux,306
Federico Moreno Torroba,304
Avishai Cohen,304
Carlo Caproli,300
Paul Dessau,300
Giovanni Croce,300
Django Reinhardt,300
Boris Aleksandrovič Čajkovskij,300
Jerome Kern,296
Brian Ferneyhough,294
Vincent d' Indy,292
Conlon Nancarrow,292
Tomaso Albinoni,291
Luigi Rossi,291
Nicolas Lebègue,288
Alexandre Mossolov,288
Daniel Bacheler,288
Guillaume Apollinaire,288
M,288
Friedrich Hollaender,288
Andreas de Florentia,288
Alfredo Casella,288
Einojuhani Rautavaara,288
Paul Shaul Ben Haim,288
Li Bai,288
Marc-André Dalbavie,288
Max Bruch,288
Marco Cara,288
Thomas Corneille,288
Jean-Baptiste Davaux,280
Pierre Phalèse,280
Noël Gallon,279
Arthur H,279
Ivan Fedele,276
Alain Louvier,276
Giovanni Paisiello,276
Johannes Schenck,273
Leo Brouwer,272
Louis-Joseph Francoeur,272
John Tavener,272
Jörg Widmann,270
Ambroise Thomas,270
Jimi Hendrix,270
Emmerich Kálmán,270
Emmanuel Nuñes,270
Paul Hofhaimer,270
Engelbert Humperdinck,270
António Carlos Jobim,270
Battista Guarini,264
Eugène Ysaÿe,264
George Benjamin,264
Matthias Pintscher,264
Bernard Cavanna,264
Pietro Antonio Locatelli,264
Frederick Delius,264
Juan del Vado,264
Conradin Kreutzer,264
Gace Brulé,260
Pérotin,260
Louise de Vilmorin,260
Harold Arlen,260
François Behr,258
Charles Aznavour,256
Franchino Gafori,256
Reynaldo Hahn,256
Georges Bull,256
Lorenzo da Firenze,252
Friedrich von Flotow,252
André Messager,252
Turlogh Carolan,252
Paul Dukas,252
Lili Boulanger,252
Francisco Asenjo Barbieri,252
Hildegarde,252
Heinrich Isaac,252
Madame,250
Gautier de Coincy,250
Étienne-Nicolas Méhul,248
Herbert Howells,248
Salamone Rossi,248
Johann Heinrich Schmelzer,246
Joaquín Turina,246
Audefroi le Bâtard,245
Giovanni Bassano,244
Rejngolʹd Moricevič Glièr,243
Jean-Baptiste Forqueray,240
Franz Anton Dimler,240
Isaac de Benserade,240
Urbain,240
Philippe Schoeller,240
Antonio Capuzzi,240
Adrian Willaert,240
Mikis Theodorakis,240
Nikolaï Andreevitch Roslavets,240
Stanislas Champein,238
Martin Matalon,234
Cristóbal Galán,234
Camenae monasterii Sancti Georgii Herciniae Silvae,234
Terry Riley,234
Thomas Adès,234
Joan Cererols,234
Romain Rolland,234
Pietro Mascagni,234
Germán A. Beigbeder,228
Enguerrand-Friedrich Lühl,228
Sergej Sergeevič Prokofʹev,226
Apostolo Zeno,225
Fulbert of Chartres,225
Paul Claudel,224
Sergueï Prokofiev,224
John Sheppard,222
Andrea Falconieri,222
George Crumb,222
Ernő Dohnányi,222
Antonio Soler,221
William Lawes,220
Georg Friedrich Haas,216
Jean-Henri-Ferdinand Lamartelière,216
Franz Schreker,216
Giuseppe Tartini,216
Alessandro Stradella,214
Jean Françaix,212
Mark Andre,210
Ivan Wyschnegradsky,210
Luigi Dallapiccola,210
Raoul Moretti,208
Bertran von Born,208
Azzolino Bernardino Della Ciaia,208
Joseph Martin Kraus,204
Jean-Joseph Cassanéa de Mondonville,204
Václav Jan Tomášek,204
Maurice Duruflé,204
Pierre Danican Philidor,200
Gautier d'Épinal,200
Conon de Béthune,200
Zdenĕk Fibich,200
Guglielmo of Pesaro,200
Louis de Cahusac,200
Alberto Hemsi,198
Alexandre Scriabine,198
Joachim Van den Hove,198
Francesco Gasparini,194
Georg Friedrich Haendel,194
Jehan Alain,194
Gioacchino Rossini,194
John Zorn,192
Mordehai Gebirtig,192
Marcin Mielczewski,192
Marc Monnet,192
Michel Legrand,192
M. de,192
Hyacinthe Jadin,192
Emilio Pujol,192
Jacques Gallot,192
Philippe Boesmans,192
Stephen Sondheim,192
Brasílio Itiberê,189
Bernart von Ventadorn,189
György Kurtág,188
Georges Auric,188
Vinko Globokar,186
Ivor Gurney,186
Leopold Mozart,186
Antoine de Févin,184
Gioseffo Zarlino,184
Marguerite Monnot,184
Pietro Alessandro Guglielmi,183
Mel Bonis,182
Billy Strayhorn,180
Charles-Simon Catel,180
Koko,180
Georges Garvarentz,180
Alexandre Duval,180
Charles Trenet,180
Carl Orff,180
Michèle Reverdy,180
Jaquemin de Senleches,180
Friedrich Cerha,180
Louis Anseaume,180
Carlos Chávez,180
Thierry Pécou,176
Marcos António Portugal,176
Georges Balanchine,176
Francisco Courcelle,176
André Philidor,176
Évariste Désiré de Forges Parny,176
Pierre Tabart,176
Haton,175
Joseph Lanner,174
Michael Daugherty,172
Isabella Leonarda,171
Jean-Féry Rebel,168
Heinrich Wilhelm Ernst,168
Heinrich Heine,168
Henryk Mikołaj Górecki,168
Henri Tomasi,168
Jean Guyot de Châtelet,168
Jean Langlais,165
Johannes Walter,165
Gabriel Pierné,164
John Blow,162
Dieter Schnebel,162
Michel Lermontoff,162
Josef Rheinberger,162
Aleksandr Nikolaevič Skrâbin,162
Frédéric Durieux,162
Viktor Ullmann,162
Joseph Rheinberger,162
Esa-Pekka Salonen,162
Hélène de Montgeroult,162
Ernest MacMillan,160
Bernardo Sabadini,160
Isang Yun,160
Paolo de Angelis,160
Antonio de Cabezón,160
Jean Cigogne,160
Fawzi,160
André Boucourechliev,156
Sigfrid Karg-Elert,156
Mathilde von Kralik,156
Johann Christoph Bach,156
John Lennon,156
Francesco Maria Veracini,156
Thomas Tomkins,156
Hugo von Hofmannsthal,156
Matteo Ricci,154
Léo Delibes,154
Andrea Gabrieli,154
Pierre Attaignant,153
Hermann von Salzburg,153
Philippe Fénelon,152
Sébastien de Brossard,152
Louis de Caix d'Hervelois,152
Louis Andriessen,152
Henry Lawes,152
Manuel Rosenthal,152
Marcel Khalife,150
Aribert Reimann,150
Aimeric de Peguilhan,150
Karl Amadeus Hartmann,150
Nicola Fago,150
Thomas Fersen,150
Alexandre Croisez,149
Geminiano Giacomelli,148
François Giroust,147
Jan Pieterszoon Sweelinck,147
Claude Le Jeune,146
Wigbert,144
Cristóbal Halffter,144
Balthazar de Beaujoyeulx,144
John Adams,144
Harry Warren,144
Hans Neusidler,144
Jules,144
Rodolphe Berger,144
Ernest Reyer,144
Giacomo Antonio Perti,144
Sergueï Barkhoudarian,144
George Onslow,144
Uc de Saint-Sixt,144
José Soler,144
Luca Francesconi,144
Yann Robin,144
Barnabé Farmian Durosoy,144
Giulio Segni,144
Othmar Schoeck,141
Michel de La Barre,140
Jean-Baptiste de Bousset,140
Antonio Salieri,140
Leopold Godowsky,140
Ludovic Halévy,140
Franz Lehár,140
Nicolas Vallet,140
Jean-Joseph de Mondonville,140
Karl Goldmark,138
Olivier Greif,138
Manuel Blancafort,138
Nicola Conforto,138
Christian Sinding,138
Anthony Girard,138
Jean-Baptiste Arban,137
Claude Balbastre,136
Alexis Lvoff,135
Carl Luython,135
Marco-Antonio Perez-Ramirez,135
Jean-Pantaléon Leclerc,135
Nicolas Saboly,135
Josef Suk,135
Giovanni Battista Costanzi,135
Nikolaj Nikolaevič Čerepnin,135
Arthur Vincent Lourié,135
Johann Joseph Fux,134
Edouard Chavagnat,134
Jacques Castérède,134
Toshio Hosokawa,132
Carl Stamitz,132
Louis Jadin,132
Stefano Gervasoni,132
Frank Martin,132
Bartolomé de Selma y Salaverde,132
Ephrem Iosifovich Podgaits,132
Jule Styne,132
Thelonious Monk,132
McCoy Tyner,130
Cécile Chaminade,129
Miles Davis,128
Akira Nishimura,128
Jaufré Rudel,128
Richard Rodney Bennett,128
Pierre de Bréville,128
Alexander Agricola,128
Adolphe d' Ennery,128
Robert Desnos,128
Johannes Ockeghem,128
Blas María Colomer,127
Vincent Malone,126
Amilcare Ponchielli,126
M,126
Hayne van Ghizeghem,126
L,126
Paschal de L'Estocart,126
Alexandros Markeas,126
Marianne von Martínez,126
Andrea Antico,126
François-Adrien Boïeldieu,126
Jesús Guridi,126
Johannes de Stokem,125
Bernard,125
Jimmy McHugh,125
D,125
Alexandre Guilmant,124
Gian Francesco Malipiero,124
Pierre Cochereau,124
Mario Castelnuovo-Tedesco,122
Witold Lutosławski,122
Jean-Michel Damase,121
Unico Wilhelm van Wassenaer,120
Pierre de Blois,120
Franz Tuma,120
André Gide,120
Amy Beach,120
Thomas Augustine Arne,120
Johann Hermann Schein,120
Jacob Van Eyck,120
Nicolas Dôthel,120
Louis James Alfred Lefébure-Wely,120
Johannes Schöllhorn,120
Franc-Nohain,120
Arthur Rimbaud,120
Alberto Da Ripa,120
Ichiro Nodaira,120
Arnold Bax,118
Gace Brulé,118
Theobald Boehm,117
Jacob Gade,117
Paolo Tosti,117
Camargo Guarnieri,116
Louis Ganne,116
Pietro Paolo Bencini,116
Pascal Zavaro,116
Gervais-François Couperin,116
Gerald Finzi,116
Oliver Knussen,114
Gilles Binchois,114
Michel Fokine,114
Silvestre Revueltas,114
Fausto Romitelli,114
Giovanni Paolo Paladino,114
Richard Dubugnon,114
Jenő Hubay,114
Arthur Lourié,112
Gaspar Cassadó,112
Giorgio Mainerio,112
Reinhard Keiser,112
Michel Berger,112
Bartolino da Padova,112
Maurice Jaubert,112
Frédéric Binet,112
Johann Christoph Pezel,112
Thomas Campion,112
Mike Brant,112
Olga Neuwirth,112
Nikolaï Nikolaevitch Karetnikov,110
Francisco Guerrero,110
M,110
Marie-Joseph de Chénier,110
Déodat de Séverac,110
Friedrich Hölderlin,110
Franz Danzi,108
Jean-Nicolas Bouilly,108
Henry Cowell,108
Giuseppe Luigi Balloco,108
Manuel Blasco de Nebra,108
Pierre d'Amiens,108
Ahmed Essyad,108
Śrīnivāsanāyaka,108
Serge Eisenstein,108
Tomás Garbizu,108
James Dillon,108
Kryštof Mařatka,108
Giovanna Marini,108
Erkki-Sven Tüür,108
Dynam-Victor Fumet,108
Walter Frye,108
Johann Pachelbel,107
Albert Corbin,106
Charles Tournemire,106
Jean-Antoine de Baïf,105
Cristóbal de Morales,105
Joaquín Rodrigo,105
Paolo Rolli,105
Adam Václav Michna z Otradovic,105
Pierre-Alexandre Monsigny,104
Maurizio Cazzati,104
François Francoeur,104
Pauline Viardot,104
Ildebrando Pizzetti,104
Pedro de Cristo,104
Antoine Forqueray,104
Martin Peerson,102
Franck Bedrossian,102
Francesco Cilea,102
Sándor Veress,102
Gaspar Sanz,102
David Lang,102
José Ramón Encinar,102
Antonio Caldara,102
Alexandre Rabinovitch-Barakovsky,100
Guillaume d'Amiens,100
Andrej Âkovlevič Èšpaj,100
Arno Babajanian,100
John Blackwood McEwen,100
Kenneth Hesketh,100
Francesco Saverio Giay,100
Jean-Luc Darbellay,100
Giorgio Battistelli,100
François d'Assise,100
Dror Elimelech Feiler,100
Gerónimo Giménez,100
Percy Grainger,100
Petrus Alamire,99
Martin Luther,99
Rainer Maria Rilke,99
John Philip Sousa,99
Stéphane Grappelli,99
Giovanni Lorenzo Lulier,99
John Corigliano,99
Alonso Lobo,99
M,98
Le Tasse,98
Antony Holborne,98
Johann Jacob Froberger,97
Esteban Salas,97
Carl Heinrich Graun,97
Wacław Szamotulski,96
Suk-Hi Kang,96
Giovanni Chinzer,96
Johann Joachim Quantz,96
Lou Reed,96
Johann Wenzel Stich,96
André-Joseph Exaudet,96
Amadeo Vives,96
Andreas de Silva,96
Fabrizio Dentice,96
Salif Keita,96
Richard Dering,96
Pablo Sorozábal,96
Boris Blacher,96
Auguste Bosc,96
Yan Maresz,96
Ricardo Castro,96
Marc Burty,96
Jacques Higelin,96
Jennifer Helen McLeod,96
Pierre Gaveaux,96
Jean Bodel,96
Krzysztof Meyer,96
Nicola Francesco Haym,95
Bernard Herrmann,94
Franz Doppler,93
Félicien David,93
Nicolas Dalayrac,93
Georges Auvray,93
Pascal Proust,92
Christian Lauba,92
Friedrich Burgmüller,92
Henri Cramer,92
Joseph de Boismortier,92
Henri Pousseur,91
Sofiâ Asgatovna Gubajdulina,91
Guillaume Gabriel Nivers,91
Régis Campo,91
Claude Vivier,90
Leopoldo de Villati,90
Otto Nicolai,90
Jacopo Peri,90
François-Louis Gand Le Bland Du Roullet,90
Auguste-Étienne-Xavier Poisson de La Chabeaussière,90
David Del Tredici,90
Ondrej Adamek,90
Pierre Codini,90
Adrien Le Roy,90
Antoine Danchet,90
Jean Lhéritier,90
Luis Naón,90
Alfredo Barbirolli,89
Agathe Backer-Grøndahl,88
Aimé Le Borne,88
François Narboni,88
Christopher Tye,88
Alexandre Piccinni,88
Josef Gung'l,88
Marius Carman,88
Giovanni Legrenzi,88
Giuseppe Giordani,88
Claude Barthélemy,88
Orazio Benevoli,88
Arturo Márquez,88
Christophe,88
Giovanni-Battista Viotti,87
Paul Méfano,86
Adolphe David,86
Édouard Broustet,85
Charles Bochsa,84
Unsuk Chin,84
Étienne Morel de Chédeville,84
Jean Barraqué,84
Nacio Herb Brown,84
Julie Candeille,84
Mario Faivre,84
Sixt Dietrich,84
Henri Rabaud,84
Friedrich Nietzsche,84
Nina Hagen,84
Benjamin Franklin,84
Arnaut d'Aniel,84
Florentine Mulsant,84
Ervín Schulhoff,84
Georges Bernard,83
Niccolò Castiglioni,83
Jacques Chailley,82
Xavier Montsalvatge,82
Edouard Cazaneuve,82
Arthur Sullivan,82
Zad Moultaka,81
